Context,English,Gibberish,French,Spanish,German,Korean,BrazilianPortuguese,SimplifedChinese,Russian,Italian,Portuguese,Hungarian,Japanese,Norwegian,Polish,Dutch,Romanian,Danish,Czech,Swedish,Ukrainian,Greek,Arabic,Vietnamese,Turkish
,Wooden Bracers 1x2,,Boisage 1x2,,,,,,,,,,,,,,,,,,,,,,
,Wooden Bracers 1x3,,Boisage 1x3,,,,,,,,,,,,,,,,,,,,,,
,Wooden Bracers 1x5,,Boisage 1x5,,,,,,,,,,,,,,,,,,,,,,
,Wooden Bracers 3x3,,Boisage 3x3,,,,,,,,,,,,,,,,,,,,,,
,Wooden Bracers 3x5,,Boisage 3x5,,,,,,,,,,,,,,,,,,,,,,
,1x2 Wooden Bracers,,1x2 Boisage,,,,,,,,,,,,,,,,,,,,,,
,1x3 Wooden Bracers,,1x3 Boisage,,,,,,,,,,,,,,,,,,,,,,
,1x5 Wooden Bracers,,1x5 Boisage,,,,,,,,,,,,,,,,,,,,,,
,3x3 Wooden Bracers,,3x3 Boisage,,,,,,,,,,,,,,,,,,,,,,
,3x5 Wooden Bracers,,3x5 Boisage,,,,,,,,,,,,,,,,,,,,,,
,A 1x3 Wooden Support structure.,,Une structure de support en bois 1x3.,,,,,,,,,,,,,,,,,,,,,,
,,,,,,,,,,,,,,,,,,,,,,,,,
,,,,,,,,,,,,,,,,,,,,,,,,,
,,,,,,,,,,,,,,,,,,,,,,,,,
,,,,,,,,,,,,,,,,,,,,,,,,,
,,,,,,,,,,,,,,,,,,,,,,,,,
,,,,,,,,,,,,,,,,,,,,,,,,,
,,,,,,,,,,,,,,,,,,,,,,,,,
,,,,,,,,,,,,,,,,,,,,,,,,,
,,,,,,,,,,,,,,,,,,,,,,,,,
,,,,,,,,,,,,,,,,,,,,,,,,,
,,,,,,,,,,,,,,,,,,,,,,,,,
,,,,,,,,,,,,,,,,,,,,,,,,,
,,,,,,,,,,,,,,,,,,,,,,,,,
